<archive xmlns="http://rs.tdwg.org/dwc/text/" metadata="eml.xml">
  <core encoding="UTF-8" fieldsTerminatedBy="\t" linesTerminatedBy="\n" fieldsEnclosedBy="" ignoreHeaderLines="1" rowType="http://rs.tdwg.org/dwc/terms/Event">
    <files>
      <location>event.txt</location>
    </files>
    <id index="0" />
    <field index="1" term="http://rs.tdwg.org/dwc/terms/eventID"/>
    <field index="2" term="http://rs.tdwg.org/dwc/terms/parentEventID"/>
    <field index="3" term="http://rs.tdwg.org/dwc/terms/eventDate"/>
    <field index="4" term="http://rs.tdwg.org/dwc/terms/habitat"/>
    <field index="5" term="http://rs.tdwg.org/dwc/terms/country"/>
    <field index="6" term="http://rs.tdwg.org/dwc/terms/locality"/>
    <field index="7" term="http://rs.tdwg.org/dwc/terms/decimalLatitude"/>
    <field index="8" term="http://rs.tdwg.org/dwc/terms/decimalLongitude"/>
    <field index="9" term="http://rs.tdwg.org/dwc/terms/geodeticDatum"/>
    <field index="10" term="http://rs.tdwg.org/dwc/terms/coordinateUncertaintyInMeters"/>
    <field index="11" term="http://rs.tdwg.org/dwc/terms/lowestBiostratigraphicZone"/>
  </core>
  <extension encoding="UTF-8" fieldsTerminatedBy="\t" linesTerminatedBy="\n" fieldsEnclosedBy="" ignoreHeaderLines="1" rowType="http://rs.tdwg.org/dwc/terms/Occurrence">
    <files>
      <location>occurrence.txt</location>
    </files>
    <coreid index="0" />
    <field index="1" term="http://rs.tdwg.org/dwc/terms/basisOfRecord"/>
    <field index="2" term="http://rs.tdwg.org/dwc/terms/occurrenceID"/>
    <field index="3" term="http://rs.tdwg.org/dwc/terms/occurrenceStatus"/>
    <field index="4" term="http://rs.tdwg.org/dwc/terms/eventID"/>
    <field index="5" term="http://rs.tdwg.org/dwc/terms/scientificNameID"/>
    <field index="6" term="http://rs.tdwg.org/dwc/terms/scientificName"/>
  </extension>
  <extension encoding="UTF-8" fieldsTerminatedBy="\t" linesTerminatedBy="\n" fieldsEnclosedBy="" ignoreHeaderLines="1" rowType="http://rs.iobis.org/obis/terms/ExtendedMeasurementOrFact">
    <files>
      <location>extendedmeasurementorfact.txt</location>
    </files>
    <coreid index="0" />
    <field index="1" term="http://rs.tdwg.org/dwc/terms/occurrenceID"/>
    <field index="2" term="http://rs.tdwg.org/dwc/terms/measurementType"/>
    <field index="3" term="http://rs.iobis.org/obis/terms/measurementTypeID"/>
    <field index="4" term="http://rs.tdwg.org/dwc/terms/measurementValue"/>
    <field index="5" term="http://rs.tdwg.org/dwc/terms/measurementUnit"/>
    <field index="6" term="http://rs.iobis.org/obis/terms/measurementUnitID"/>
  </extension>
</archive>
